"REF_DATE","GEO","DGUID","Field of study","UOM","UOM_ID","SCALAR_FACTOR","SCALAR_ID","VECTOR","COORDINATE","VALUE","STATUS","SYMBOL","TERMINATED","DECIMALS"
"2006/2007","Newfoundland and Labrador","2016A000210","Physical and life sciences and technologies","Current dollars","75","units","0","v62427505","2.7","8780","","","","0"
"2007/2008","Newfoundland and Labrador","2016A000210","Physical and life sciences and technologies","Current dollars","75","units","0","v62427505","2.7","8800","","","","0"
"2008/2009","Newfoundland and Labrador","2016A000210","Physical and life sciences and technologies","Current dollars","75","units","0","v62427505","2.7","8800","","","","0"
"2009/2010","Newfoundland and Labrador","2016A000210","Physical and life sciences and technologies","Current dollars","75","units","0","v62427505","2.7","8800","","","","0"
"2010/2011","Newfoundland and Labrador","2016A000210","Physical and life sciences and technologies","Current dollars","75","units","0","v62427505","2.7","8800","","","","0"
"2011/2012","Newfoundland and Labrador","2016A000210","Physical and life sciences and technologies","Current dollars","75","units","0","v62427505","2.7","8800","","","","0"
"2012/2013","Newfoundland and Labrador","2016A000210","Physical and life sciences and technologies","Current dollars","75","units","0","v62427505","2.7","8800","","","","0"
"2013/2014","Newfoundland and Labrador","2016A000210","Physical and life sciences and technologies","Current dollars","75","units","0","v62427505","2.7","8800","","","","0"
"2014/2015","Newfoundland and Labrador","2016A000210","Physical and life sciences and technologies","Current dollars","75","units","0","v62427505","2.7","8800","","","","0"
"2015/2016","Newfoundland and Labrador","2016A000210","Physical and life sciences and technologies","Current dollars","75","units","0","v62427505","2.7","8800","","","","0"
"2016/2017","Newfoundland and Labrador","2016A000210","Physical and life sciences and technologies","Current dollars","75","units","0","v62427505","2.7","8800","","","","0"
"2017/2018","Newfoundland and Labrador","2016A000210","Physical and life sciences and technologies","Current dollars","75","units","0","v62427505","2.7","8800","","","","0"
"2018/2019","Newfoundland and Labrador","2016A000210","Physical and life sciences and technologies","Current dollars","75","units","0","v62427505","2.7","11460","","","","0"
"2019/2020","Newfoundland and Labrador","2016A000210","Physical and life sciences and technologies","Current dollars","75","units","0","v62427505","2.7","11460","","","","0"
"2020/2021","Newfoundland and Labrador","2016A000210","Physical and life sciences and technologies","Current dollars","75","units","0","v62427505","2.7","11460","","","","0"
"2021/2022","Newfoundland and Labrador","2016A000210","Physical and life sciences and technologies","Current dollars","75","units","0","v62427505","2.7","11460","","","","0"
"2006/2007","Newfoundland and Labrador","2016A000210","Mathematics, computer and information sciences","Current dollars","75","units","0","v62427506","2.8","8780","","","","0"
"2007/2008","Newfoundland and Labrador","2016A000210","Mathematics, computer and information sciences","Current dollars","75","units","0","v62427506","2.8","8800","","","","0"
"2008/2009","Newfoundland and Labrador","2016A000210","Mathematics, computer and information sciences","Current dollars","75","units","0","v62427506","2.8","8800","","","","0"
"2009/2010","Newfoundland and Labrador","2016A000210","Mathematics, computer and information sciences","Current dollars","75","units","0","v62427506","2.8","8800","","","","0"
"2010/2011","Newfoundland and Labrador","2016A000210","Mathematics, computer and information sciences","Current dollars","75","units","0","v62427506","2.8","8800","","","","0"
"2011/2012","Newfoundland and Labrador","2016A000210","Mathematics, computer and information sciences","Current dollars","75","units","0","v62427506","2.8","8800","","","","0"
"2012/2013","Newfoundland and Labrador","2016A000210","Mathematics, computer and information sciences","Current dollars","75","units","0","v62427506","2.8","8800","","","","0"
"2013/2014","Newfoundland and Labrador","2016A000210","Mathematics, computer and information sciences","Current dollars","75","units","0","v62427506","2.8","8800","","","","0"
"2014/2015","Newfoundland and Labrador","2016A000210","Mathematics, computer and information sciences","Current dollars","75","units","0","v62427506","2.8","8800","","","","0"
"2015/2016","Newfoundland and Labrador","2016A000210","Mathematics, computer and information sciences","Current dollars","75","units","0","v62427506","2.8","8800","","","","0"
"2016/2017","Newfoundland and Labrador","2016A000210","Mathematics, computer and information sciences","Current dollars","75","units","0","v62427506","2.8","8800","","","","0"
"2017/2018","Newfoundland and Labrador","2016A000210","Mathematics, computer and information sciences","Current dollars","75","units","0","v62427506","2.8","8800","","","","0"
"2018/2019","Newfoundland and Labrador","2016A000210","Mathematics, computer and information sciences","Current dollars","75","units","0","v62427506","2.8","11460","","","","0"
"2019/2020","Newfoundland and Labrador","2016A000210","Mathematics, computer and information sciences","Current dollars","75","units","0","v62427506","2.8","11460","","","","0"
"2020/2021","Newfoundland and Labrador","2016A000210","Mathematics, computer and information sciences","Current dollars","75","units","0","v62427506","2.8","11460","","","","0"
"2021/2022","Newfoundland and Labrador","2016A000210","Mathematics, computer and information sciences","Current dollars","75","units","0","v62427506","2.8","11460","","","","0"
"2006/2007","Newfoundland and Labrador","2016A000210","Engineering","Current dollars","75","units","0","v62427507","2.9","8780","","","","0"
"2007/2008","Newfoundland and Labrador","2016A000210","Engineering","Current dollars","75","units","0","v62427507","2.9","8800","","","","0"
"2008/2009","Newfoundland and Labrador","2016A000210","Engineering","Current dollars","75","units","0","v62427507","2.9","8800","","","","0"
"2009/2010","Newfoundland and Labrador","2016A000210","Engineering","Current dollars","75","units","0","v62427507","2.9","8800","","","","0"
"2010/2011","Newfoundland and Labrador","2016A000210","Engineering","Current dollars","75","units","0","v62427507","2.9","8800","","","","0"
"2011/2012","Newfoundland and Labrador","2016A000210","Engineering","Current dollars","75","units","0","v62427507","2.9","8800","","","","0"
"2012/2013","Newfoundland and Labrador","2016A000210","Engineering","Current dollars","75","units","0","v62427507","2.9","8800","","","","0"
"2013/2014","Newfoundland and Labrador","2016A000210","Engineering","Current dollars","75","units","0","v62427507","2.9","8800","","","","0"
"2014/2015","Newfoundland and Labrador","2016A000210","Engineering","Current dollars","75","units","0","v62427507","2.9","8800","","","","0"
"2015/2016","Newfoundland and Labrador","2016A000210","Engineering","Current dollars","75","units","0","v62427507","2.9","9680","","","","0"
"2016/2017","Newfoundland and Labrador","2016A000210","Engineering","Current dollars","75","units","0","v62427507","2.9","9680","","","","0"
"2017/2018","Newfoundland and Labrador","2016A000210","Engineering","Current dollars","75","units","0","v62427507","2.9","9680","","","","0"
"2018/2019","Newfoundland and Labrador","2016A000210","Engineering","Current dollars","75","units","0","v62427507","2.9","12606","","","","0"
"2019/2020","Newfoundland and Labrador","2016A000210","Engineering","Current dollars","75","units","0","v62427507","2.9","12606","","","","0"
"2020/2021","Newfoundland and Labrador","2016A000210","Engineering","Current dollars","75","units","0","v62427507","2.9","12606","","","","0"
"2021/2022","Newfoundland and Labrador","2016A000210","Engineering","Current dollars","75","units","0","v62427507","2.9","12606","","","","0"
"2006/2007","Prince Edward Island","2016A000211","Physical and life sciences and technologies","Current dollars","75","units","0","v62427516","3.7","8970","","","","0"
"2007/2008","Prince Edward Island","2016A000211","Physical and life sciences and technologies","Current dollars","75","units","0","v62427516","3.7","8760","","","","0"
"2008/2009","Prince Edward Island","2016A000211","Physical and life sciences and technologies","Current dollars","75","units","0","v62427516","3.7","8940","","","","0"
"2009/2010","Prince Edward Island","2016A000211","Physical and life sciences and technologies","Current dollars","75","units","0","v62427516","3.7","9884","","","","0"
"2010/2011","Prince Edward Island","2016A000211","Physical and life sciences and technologies","Current dollars","75","units","0","v62427516","3.7","10034","","","","0"
"2011/2012","Prince Edward Island","2016A000211","Physical and life sciences and technologies","Current dollars","75","units","0","v62427516","3.7","10624","","","","0"
"2012/2013","Prince Edward Island","2016A000211","Physical and life sciences and technologies","Current dollars","75","units","0","v62427516","3.7","11150","","","","0"
"2013/2014","Prince Edward Island","2016A000211","Physical and life sciences and technologies","Current dollars","75","units","0","v62427516","3.7","11600","","","","0"
"2014/2015","Prince Edward Island","2016A000211","Physical and life sciences and technologies","Current dollars","75","units","0","v62427516","3.7","11948","","","","0"
"2015/2016","Prince Edward Island","2016A000211","Physical and life sciences and technologies","Current dollars","75","units","0","v62427516","3.7","12312","","","","0"
"2016/2017","Prince Edward Island","2016A000211","Physical and life sciences and technologies","Current dollars","75","units","0","v62427516","3.7","12682","","","","0"
"2017/2018","Prince Edward Island","2016A000211","Physical and life sciences and technologies","Current dollars","75","units","0","v62427516","3.7","13062","","","","0"
"2018/2019","Prince Edward Island","2016A000211","Physical and life sciences and technologies","Current dollars","75","units","0","v62427516","3.7","13326","","","","0"
"2019/2020","Prince Edward Island","2016A000211","Physical and life sciences and technologies","Current dollars","75","units","0","v62427516","3.7","13590","","","","0"
"2020/2021","Prince Edward Island","2016A000211","Physical and life sciences and technologies","Current dollars","75","units","0","v62427516","3.7","13860","","","","0"
"2021/2022","Prince Edward Island","2016A000211","Physical and life sciences and technologies","Current dollars","75","units","0","v62427516","3.7","13998","","","","0"
"2006/2007","Prince Edward Island","2016A000211","Mathematics, computer and information sciences","Current dollars","75","units","0","v62427517","3.8","8970","","","","0"
"2007/2008","Prince Edward Island","2016A000211","Mathematics, computer and information sciences","Current dollars","75","units","0","v62427517","3.8","8760","","","","0"
"2008/2009","Prince Edward Island","2016A000211","Mathematics, computer and information sciences","Current dollars","75","units","0","v62427517","3.8","8940","","","","0"
"2009/2010","Prince Edward Island","2016A000211","Mathematics, computer and information sciences","Current dollars","75","units","0","v62427517","3.8","9884","","","","0"
"2010/2011","Prince Edward Island","2016A000211","Mathematics, computer and information sciences","Current dollars","75","units","0","v62427517","3.8","10034","","","","0"
"2011/2012","Prince Edward Island","2016A000211","Mathematics, computer and information sciences","Current dollars","75","units","0","v62427517","3.8","10624","","","","0"
"2012/2013","Prince Edward Island","2016A000211","Mathematics, computer and information sciences","Current dollars","75","units","0","v62427517","3.8","11150","","","","0"
"2013/2014","Prince Edward Island","2016A000211","Mathematics, computer and information sciences","Current dollars","75","units","0","v62427517","3.8","11600","","","","0"
"2014/2015","Prince Edward Island","2016A000211","Mathematics, computer and information sciences","Current dollars","75","units","0","v62427517","3.8","11948","","","","0"
"2015/2016","Prince Edward Island","2016A000211","Mathematics, computer and information sciences","Current dollars","75","units","0","v62427517","3.8","12312","","","","0"
"2016/2017","Prince Edward Island","2016A000211","Mathematics, computer and information sciences","Current dollars","75","units","0","v62427517","3.8","12682","","","","0"
"2017/2018","Prince Edward Island","2016A000211","Mathematics, computer and information sciences","Current dollars","75","units","0","v62427517","3.8","13062","","","","0"
"2018/2019","Prince Edward Island","2016A000211","Mathematics, computer and information sciences","Current dollars","75","units","0","v62427517","3.8","13326","","","","0"
"2019/2020","Prince Edward Island","2016A000211","Mathematics, computer and information sciences","Current dollars","75","units","0","v62427517","3.8","13590","","","","0"
"2020/2021","Prince Edward Island","2016A000211","Mathematics, computer and information sciences","Current dollars","75","units","0","v62427517","3.8","13860","","","","0"
"2021/2022","Prince Edward Island","2016A000211","Mathematics, computer and information sciences","Current dollars","75","units","0","v62427517","3.8","13998","","","","0"
"2006/2007","Prince Edward Island","2016A000211","Engineering","Current dollars","75","units","0","v62427518","3.9","8970","","","","0"
"2007/2008","Prince Edward Island","2016A000211","Engineering","Current dollars","75","units","0","v62427518","3.9","8760","","","","0"
"2008/2009","Prince Edward Island","2016A000211","Engineering","Current dollars","75","units","0","v62427518","3.9","","..","","","0"
"2009/2010","Prince Edward Island","2016A000211","Engineering","Current dollars","75","units","0","v62427518","3.9","9884","","","","0"
"2010/2011","Prince Edward Island","2016A000211","Engineering","Current dollars","75","units","0","v62427518","3.9","10034","","","","0"
"2011/2012","Prince Edward Island","2016A000211","Engineering","Current dollars","75","units","0","v62427518","3.9","10624","","","","0"
"2012/2013","Prince Edward Island","2016A000211","Engineering","Current dollars","75","units","0","v62427518","3.9","","..","","","0"
"2013/2014","Prince Edward Island","2016A000211","Engineering","Current dollars","75","units","0","v62427518","3.9","","..","","","0"
"2014/2015","Prince Edward Island","2016A000211","Engineering","Current dollars","75","units","0","v62427518","3.9","","..","","","0"
"2015/2016","Prince Edward Island","2016A000211","Engineering","Current dollars","75","units","0","v62427518","3.9","","..","","","0"
"2016/2017","Prince Edward Island","2016A000211","Engineering","Current dollars","75","units","0","v62427518","3.9","12682","","","","0"
"2017/2018","Prince Edward Island","2016A000211","Engineering","Current dollars","75","units","0","v62427518","3.9","13062","","","","0"
"2018/2019","Prince Edward Island","2016A000211","Engineering","Current dollars","75","units","0","v62427518","3.9","13326","","","","0"
"2019/2020","Prince Edward Island","2016A000211","Engineering","Current dollars","75","units","0","v62427518","3.9","13590","","","","0"
"2020/2021","Prince Edward Island","2016A000211","Engineering","Current dollars","75","units","0","v62427518","3.9","13860","","","","0"
"2021/2022","Prince Edward Island","2016A000211","Engineering","Current dollars","75","units","0","v62427518","3.9","13998","","","","0"
"2006/2007","Nova Scotia","2016A000212","Physical and life sciences and technologies","Current dollars","75","units","0","v62427531","4.7","12516","","","","0"
"2007/2008","Nova Scotia","2016A000212","Physical and life sciences and technologies","Current dollars","75","units","0","v62427531","4.7","12734","","","","0"
"2008/2009","Nova Scotia","2016A000212","Physical and life sciences and technologies","Current dollars","75","units","0","v62427531","4.7","12893","","","","0"
"2009/2010","Nova Scotia","2016A000212","Physical and life sciences and technologies","Current dollars","75","units","0","v62427531","4.7","12990","","","","0"
"2010/2011","Nova Scotia","2016A000212","Physical and life sciences and technologies","Current dollars","75","units","0","v62427531","4.7","12975","","","","0"
"2011/2012","Nova Scotia","2016A000212","Physical and life sciences and technologies","Current dollars","75","units","0","v62427531","4.7","13481","","","","0"
"2012/2013","Nova Scotia","2016A000212","Physical and life sciences and technologies","Current dollars","75","units","0","v62427531","4.7","13965","","","","0"
"2013/2014","Nova Scotia","2016A000212","Physical and life sciences and technologies","Current dollars","75","units","0","v62427531","4.7","14676","","","","0"
"2014/2015","Nova Scotia","2016A000212","Physical and life sciences and technologies","Current dollars","75","units","0","v62427531","4.7","14810","","","","0"
"2015/2016","Nova Scotia","2016A000212","Physical and life sciences and technologies","Current dollars","75","units","0","v62427531","4.7","15270","","","","0"
"2016/2017","Nova Scotia","2016A000212","Physical and life sciences and technologies","Current dollars","75","units","0","v62427531","4.7","16091","","","","0"
"2017/2018","Nova Scotia","2016A000212","Physical and life sciences and technologies","Current dollars","75","units","0","v62427531","4.7","16793","","","","0"
"2018/2019","Nova Scotia","2016A000212","Physical and life sciences and technologies","Current dollars","75","units","0","v62427531","4.7","17686","","","","0"
"2019/2020","Nova Scotia","2016A000212","Physical and life sciences and technologies","Current dollars","75","units","0","v62427531","4.7","18485","","","","0"
"2020/2021","Nova Scotia","2016A000212","Physical and life sciences and technologies","Current dollars","75","units","0","v62427531","4.7","19528","","","","0"
"2021/2022","Nova Scotia","2016A000212","Physical and life sciences and technologies","Current dollars","75","units","0","v62427531","4.7","20400","","","","0"
"2006/2007","Nova Scotia","2016A000212","Mathematics, computer and information sciences","Current dollars","75","units","0","v62427532","4.8","13100","","","","0"
"2007/2008","Nova Scotia","2016A000212","Mathematics, computer and information sciences","Current dollars","75","units","0","v62427532","4.8","12645","","","","0"
"2008/2009","Nova Scotia","2016A000212","Mathematics, computer and information sciences","Current dollars","75","units","0","v62427532","4.8","12224","","","","0"
"2009/2010","Nova Scotia","2016A000212","Mathematics, computer and information sciences","Current dollars","75","units","0","v62427532","4.8","12688","","","","0"
"2010/2011","Nova Scotia","2016A000212","Mathematics, computer and information sciences","Current dollars","75","units","0","v62427532","4.8","12683","","","","0"
"2011/2012","Nova Scotia","2016A000212","Mathematics, computer and information sciences","Current dollars","75","units","0","v62427532","4.8","13142","","","","0"
"2012/2013","Nova Scotia","2016A000212","Mathematics, computer and information sciences","Current dollars","75","units","0","v62427532","4.8","14139","","","","0"
"2013/2014","Nova Scotia","2016A000212","Mathematics, computer and information sciences","Current dollars","75","units","0","v62427532","4.8","14816","","","","0"
"2014/2015","Nova Scotia","2016A000212","Mathematics, computer and information sciences","Current dollars","75","units","0","v62427532","4.8","15451","","","","0"
"2015/2016","Nova Scotia","2016A000212","Mathematics, computer and information sciences","Current dollars","75","units","0","v62427532","4.8","15867","","","","0"
"2016/2017","Nova Scotia","2016A000212","Mathematics, computer and information sciences","Current dollars","75","units","0","v62427532","4.8","16634","","","","0"
"2017/2018","Nova Scotia","2016A000212","Mathematics, computer and information sciences","Current dollars","75","units","0","v62427532","4.8","17155","","","","0"
"2018/2019","Nova Scotia","2016A000212","Mathematics, computer and information sciences","Current dollars","75","units","0","v62427532","4.8","17920","","","","0"
"2019/2020","Nova Scotia","2016A000212","Mathematics, computer and information sciences","Current dollars","75","units","0","v62427532","4.8","19115","","","","0"
"2020/2021","Nova Scotia","2016A000212","Mathematics, computer and information sciences","Current dollars","75","units","0","v62427532","4.8","20314","","","","0"
"2021/2022","Nova Scotia","2016A000212","Mathematics, computer and information sciences","Current dollars","75","units","0","v62427532","4.8","21597","","","","0"
"2006/2007","Nova Scotia","2016A000212","Engineering","Current dollars","75","units","0","v62427533","4.9","12995","","","","0"
"2007/2008","Nova Scotia","2016A000212","Engineering","Current dollars","75","units","0","v62427533","4.9","13465","","","","0"
"2008/2009","Nova Scotia","2016A000212","Engineering","Current dollars","75","units","0","v62427533","4.9","13434","","","","0"
"2009/2010","Nova Scotia","2016A000212","Engineering","Current dollars","75","units","0","v62427533","4.9","13496","","","","0"
"2010/2011","Nova Scotia","2016A000212","Engineering","Current dollars","75","units","0","v62427533","4.9","13496","","","","0"
"2011/2012","Nova Scotia","2016A000212","Engineering","Current dollars","75","units","0","v62427533","4.9","14115","","","","0"
"2012/2013","Nova Scotia","2016A000212","Engineering","Current dollars","75","units","0","v62427533","4.9","14656","","","","0"
"2013/2014","Nova Scotia","2016A000212","Engineering","Current dollars","75","units","0","v62427533","4.9","15052","","","","0"
"2014/2015","Nova Scotia","2016A000212","Engineering","Current dollars","75","units","0","v62427533","4.9","15333","","","","0"
"2015/2016","Nova Scotia","2016A000212","Engineering","Current dollars","75","units","0","v62427533","4.9","16559","","","","0"
"2016/2017","Nova Scotia","2016A000212","Engineering","Current dollars","75","units","0","v62427533","4.9","17824","","","","0"
"2017/2018","Nova Scotia","2016A000212","Engineering","Current dollars","75","units","0","v62427533","4.9","18759","","","","0"
"2018/2019","Nova Scotia","2016A000212","Engineering","Current dollars","75","units","0","v62427533","4.9","19615","","","","0"
"2019/2020","Nova Scotia","2016A000212","Engineering","Current dollars","75","units","0","v62427533","4.9","20236","","","","0"
"2020/2021","Nova Scotia","2016A000212","Engineering","Current dollars","75","units","0","v62427533","4.9","20414","","","","0"
"2021/2022","Nova Scotia","2016A000212","Engineering","Current dollars","75","units","0","v62427533","4.9","19847","","","","0"
"2006/2007","New Brunswick","2016A000213","Physical and life sciences and technologies","Current dollars","75","units","0","v62427543","5.7","11277","","","","0"
"2007/2008","New Brunswick","2016A000213","Physical and life sciences and technologies","Current dollars","75","units","0","v62427543","5.7","11410","","","","0"
"2008/2009","New Brunswick","2016A000213","Physical and life sciences and technologies","Current dollars","75","units","0","v62427543","5.7","11602","","","","0"
"2009/2010","New Brunswick","2016A000213","Physical and life sciences and technologies","Current dollars","75","units","0","v62427543","5.7","11467","","","","0"
"2010/2011","New Brunswick","2016A000213","Physical and life sciences and technologies","Current dollars","75","units","0","v62427543","5.7","11860","","","","0"
"2011/2012","New Brunswick","2016A000213","Physical and life sciences and technologies","Current dollars","75","units","0","v62427543","5.7","12250","","","","0"
"2012/2013","New Brunswick","2016A000213","Physical and life sciences and technologies","Current dollars","75","units","0","v62427543","5.7","12467","","","","0"
"2013/2014","New Brunswick","2016A000213","Physical and life sciences and technologies","Current dollars","75","units","0","v62427543","5.7","13328","","","","0"
"2014/2015","New Brunswick","2016A000213","Physical and life sciences and technologies","Current dollars","75","units","0","v62427543","5.7","13598","","","","0"
"2015/2016","New Brunswick","2016A000213","Physical and life sciences and technologies","Current dollars","75","units","0","v62427543","5.7","13795","","","","0"
"2016/2017","New Brunswick","2016A000213","Physical and life sciences and technologies","Current dollars","75","units","0","v62427543","5.7","14216","","","","0"
"2017/2018","New Brunswick","2016A000213","Physical and life sciences and technologies","Current dollars","75","units","0","v62427543","5.7","14866","","","","0"
"2018/2019","New Brunswick","2016A000213","Physical and life sciences and technologies","Current dollars","75","units","0","v62427543","5.7","15565","","","","0"
"2019/2020","New Brunswick","2016A000213","Physical and life sciences and technologies","Current dollars","75","units","0","v62427543","5.7","16198","","","","0"
"2020/2021","New Brunswick","2016A000213","Physical and life sciences and technologies","Current dollars","75","units","0","v62427543","5.7","16353","","","","0"
"2021/2022","New Brunswick","2016A000213","Physical and life sciences and technologies","Current dollars","75","units","0","v62427543","5.7","16738","","","","0"
"2006/2007","New Brunswick","2016A000213","Mathematics, computer and information sciences","Current dollars","75","units","0","v62427544","5.8","10402","","","","0"
"2007/2008","New Brunswick","2016A000213","Mathematics, computer and information sciences","Current dollars","75","units","0","v62427544","5.8","10659","","","","0"
"2008/2009","New Brunswick","2016A000213","Mathematics, computer and information sciences","Current dollars","75","units","0","v62427544","5.8","10289","","","","0"
"2009/2010","New Brunswick","2016A000213","Mathematics, computer and information sciences","Current dollars","75","units","0","v62427544","5.8","10635","","","","0"
"2010/2011","New Brunswick","2016A000213","Mathematics, computer and information sciences","Current dollars","75","units","0","v62427544","5.8","10924","","","","0"
"2011/2012","New Brunswick","2016A000213","Mathematics, computer and information sciences","Current dollars","75","units","0","v62427544","5.8","11301","","","","0"
"2012/2013","New Brunswick","2016A000213","Mathematics, computer and information sciences","Current dollars","75","units","0","v62427544","5.8","11389","","","","0"
"2013/2014","New Brunswick","2016A000213","Mathematics, computer and information sciences","Current dollars","75","units","0","v62427544","5.8","12061","","","","0"
"2014/2015","New Brunswick","2016A000213","Mathematics, computer and information sciences","Current dollars","75","units","0","v62427544","5.8","12710","","","","0"
"2015/2016","New Brunswick","2016A000213","Mathematics, computer and information sciences","Current dollars","75","units","0","v62427544","5.8","12482","","","","0"
"2016/2017","New Brunswick","2016A000213","Mathematics, computer and information sciences","Current dollars","75","units","0","v62427544","5.8","12783","","","","0"
"2017/2018","New Brunswick","2016A000213","Mathematics, computer and information sciences","Current dollars","75","units","0","v62427544","5.8","13466","","","","0"
"2018/2019","New Brunswick","2016A000213","Mathematics, computer and information sciences","Current dollars","75","units","0","v62427544","5.8","13960","","","","0"
"2019/2020","New Brunswick","2016A000213","Mathematics, computer and information sciences","Current dollars","75","units","0","v62427544","5.8","14910","","","","0"
"2020/2021","New Brunswick","2016A000213","Mathematics, computer and information sciences","Current dollars","75","units","0","v62427544","5.8","15733","","","","0"
"2021/2022","New Brunswick","2016A000213","Mathematics, computer and information sciences","Current dollars","75","units","0","v62427544","5.8","16322","","","","0"
"2006/2007","New Brunswick","2016A000213","Engineering","Current dollars","75","units","0","v62427545","5.9","10754","","","","0"
"2007/2008","New Brunswick","2016A000213","Engineering","Current dollars","75","units","0","v62427545","5.9","11157","","","","0"
"2008/2009","New Brunswick","2016A000213","Engineering","Current dollars","75","units","0","v62427545","5.9","11250","","","","0"
"2009/2010","New Brunswick","2016A000213","Engineering","Current dollars","75","units","0","v62427545","5.9","11435","","","","0"
"2010/2011","New Brunswick","2016A000213","Engineering","Current dollars","75","units","0","v62427545","5.9","11716","","","","0"
"2011/2012","New Brunswick","2016A000213","Engineering","Current dollars","75","units","0","v62427545","5.9","12095","","","","0"
"2012/2013","New Brunswick","2016A000213","Engineering","Current dollars","75","units","0","v62427545","5.9","12300","","","","0"
"2013/2014","New Brunswick","2016A000213","Engineering","Current dollars","75","units","0","v62427545","5.9","13238","","","","0"
"2014/2015","New Brunswick","2016A000213","Engineering","Current dollars","75","units","0","v62427545","5.9","13498","","","","0"
"2015/2016","New Brunswick","2016A000213","Engineering","Current dollars","75","units","0","v62427545","5.9","13447","","","","0"
"2016/2017","New Brunswick","2016A000213","Engineering","Current dollars","75","units","0","v62427545","5.9","14140","","","","0"
"2017/2018","New Brunswick","2016A000213","Engineering","Current dollars","75","units","0","v62427545","5.9","14411","","","","0"
"2018/2019","New Brunswick","2016A000213","Engineering","Current dollars","75","units","0","v62427545","5.9","14180","","","","0"
"2019/2020","New Brunswick","2016A000213","Engineering","Current dollars","75","units","0","v62427545","5.9","15252","","","","0"
"2020/2021","New Brunswick","2016A000213","Engineering","Current dollars","75","units","0","v62427545","5.9","15822","","","","0"
"2021/2022","New Brunswick","2016A000213","Engineering","Current dollars","75","units","0","v62427545","5.9","16669","","","","0"
"2006/2007","Quebec","2016A000224","Physical and life sciences and technologies","Current dollars","75","units","0","v62427559","6.7","12780","","","","0"
"2007/2008","Quebec","2016A000224","Physical and life sciences and technologies","Current dollars","75","units","0","v62427559","6.7","13262","","","","0"
"2008/2009","Quebec","2016A000224","Physical and life sciences and technologies","Current dollars","75","units","0","v62427559","6.7","14401","","","","0"
"2009/2010","Quebec","2016A000224","Physical and life sciences and technologies","Current dollars","75","units","0","v62427559","6.7","15906","","","","0"
"2010/2011","Quebec","2016A000224","Physical and life sciences and technologies","Current dollars","75","units","0","v62427559","6.7","17437","","","","0"
"2011/2012","Quebec","2016A000224","Physical and life sciences and technologies","Current dollars","75","units","0","v62427559","6.7","18611","","","","0"
"2012/2013","Quebec","2016A000224","Physical and life sciences and technologies","Current dollars","75","units","0","v62427559","6.7","19477","","","","0"
"2013/2014","Quebec","2016A000224","Physical and life sciences and technologies","Current dollars","75","units","0","v62427559","6.7","20762","","","","0"
"2014/2015","Quebec","2016A000224","Physical and life sciences and technologies","Current dollars","75","units","0","v62427559","6.7","21248","","","","0"
"2015/2016","Quebec","2016A000224","Physical and life sciences and technologies","Current dollars","75","units","0","v62427559","6.7","23119","","","","0"
"2016/2017","Quebec","2016A000224","Physical and life sciences and technologies","Current dollars","75","units","0","v62427559","6.7","22838","","","","0"
"2017/2018","Quebec","2016A000224","Physical and life sciences and technologies","Current dollars","75","units","0","v62427559","6.7","23743","","","","0"
"2018/2019","Quebec","2016A000224","Physical and life sciences and technologies","Current dollars","75","units","0","v62427559","6.7","26478","","","","0"
"2019/2020","Quebec","2016A000224","Physical and life sciences and technologies","Current dollars","75","units","0","v62427559","6.7","28172","","","","0"
"2020/2021","Quebec","2016A000224","Physical and life sciences and technologies","Current dollars","75","units","0","v62427559","6.7","29769","","","","0"
"2021/2022","Quebec","2016A000224","Physical and life sciences and technologies","Current dollars","75","units","0","v62427559","6.7","30331","","","","0"
"2006/2007","Quebec","2016A000224","Mathematics, computer and information sciences","Current dollars","75","units","0","v62427560","6.8","11117","","","","0"
"2007/2008","Quebec","2016A000224","Mathematics, computer and information sciences","Current dollars","75","units","0","v62427560","6.8","12079","","","","0"
"2008/2009","Quebec","2016A000224","Mathematics, computer and information sciences","Current dollars","75","units","0","v62427560","6.8","13247","","","","0"
"2009/2010","Quebec","2016A000224","Mathematics, computer and information sciences","Current dollars","75","units","0","v62427560","6.8","14960","","","","0"
"2010/2011","Quebec","2016A000224","Mathematics, computer and information sciences","Current dollars","75","units","0","v62427560","6.8","16277","","","","0"
"2011/2012","Quebec","2016A000224","Mathematics, computer and information sciences","Current dollars","75","units","0","v62427560","6.8","17097","","","","0"
"2012/2013","Quebec","2016A000224","Mathematics, computer and information sciences","Current dollars","75","units","0","v62427560","6.8","17999","","","","0"
"2013/2014","Quebec","2016A000224","Mathematics, computer and information sciences","Current dollars","75","units","0","v62427560","6.8","19317","","","","0"
"2014/2015","Quebec","2016A000224","Mathematics, computer and information sciences","Current dollars","75","units","0","v62427560","6.8","21856","","","","0"
"2015/2016","Quebec","2016A000224","Mathematics, computer and information sciences","Current dollars","75","units","0","v62427560","6.8","23235","","","","0"
"2016/2017","Quebec","2016A000224","Mathematics, computer and information sciences","Current dollars","75","units","0","v62427560","6.8","23907","","","","0"
"2017/2018","Quebec","2016A000224","Mathematics, computer and information sciences","Current dollars","75","units","0","v62427560","6.8","25472","","","","0"
"2018/2019","Quebec","2016A000224","Mathematics, computer and information sciences","Current dollars","75","units","0","v62427560","6.8","26906","","","","0"
"2019/2020","Quebec","2016A000224","Mathematics, computer and information sciences","Current dollars","75","units","0","v62427560","6.8","28794","","","","0"
"2020/2021","Quebec","2016A000224","Mathematics, computer and information sciences","Current dollars","75","units","0","v62427560","6.8","30307","","","","0"
"2021/2022","Quebec","2016A000224","Mathematics, computer and information sciences","Current dollars","75","units","0","v62427560","6.8","31673","","","","0"
"2006/2007","Quebec","2016A000224","Engineering","Current dollars","75","units","0","v62427561","6.9","12172","","","","0"
"2007/2008","Quebec","2016A000224","Engineering","Current dollars","75","units","0","v62427561","6.9","12766","","","","0"
"2008/2009","Quebec","2016A000224","Engineering","Current dollars","75","units","0","v62427561","6.9","14006","","","","0"
"2009/2010","Quebec","2016A000224","Engineering","Current dollars","75","units","0","v62427561","6.9","16041","","","","0"
"2010/2011","Quebec","2016A000224","Engineering","Current dollars","75","units","0","v62427561","6.9","17441","","","","0"
"2011/2012","Quebec","2016A000224","Engineering","Current dollars","75","units","0","v62427561","6.9","17681","","","","0"
"2012/2013","Quebec","2016A000224","Engineering","Current dollars","75","units","0","v62427561","6.9","18314","","","","0"
"2013/2014","Quebec","2016A000224","Engineering","Current dollars","75","units","0","v62427561","6.9","19357","","","","0"
"2014/2015","Quebec","2016A000224","Engineering","Current dollars","75","units","0","v62427561","6.9","20940","","","","0"
"2015/2016","Quebec","2016A000224","Engineering","Current dollars","75","units","0","v62427561","6.9","22216","","","","0"
"2016/2017","Quebec","2016A000224","Engineering","Current dollars","75","units","0","v62427561","6.9","22668","","","","0"
"2017/2018","Quebec","2016A000224","Engineering","Current dollars","75","units","0","v62427561","6.9","23365","","","","0"
"2018/2019","Quebec","2016A000224","Engineering","Current dollars","75","units","0","v62427561","6.9","24550","","","","0"
"2019/2020","Quebec","2016A000224","Engineering","Current dollars","75","units","0","v62427561","6.9","26222","","","","0"
"2020/2021","Quebec","2016A000224","Engineering","Current dollars","75","units","0","v62427561","6.9","27824","","","","0"
"2021/2022","Quebec","2016A000224","Engineering","Current dollars","75","units","0","v62427561","6.9","28874","","","","0"
"2006/2007","Ontario","2016A000235","Physical and life sciences and technologies","Current dollars","75","units","0","v62427576","7.7","14271","","","","0"
"2007/2008","Ontario","2016A000235","Physical and life sciences and technologies","Current dollars","75","units","0","v62427576","7.7","15623","","","","0"
"2008/2009","Ontario","2016A000235","Physical and life sciences and technologies","Current dollars","75","units","0","v62427576","7.7","16556","","","","0"
"2009/2010","Ontario","2016A000235","Physical and life sciences and technologies","Current dollars","75","units","0","v62427576","7.7","17671","","","","0"
"2010/2011","Ontario","2016A000235","Physical and life sciences and technologies","Current dollars","75","units","0","v62427576","7.7","18701","","","","0"
"2011/2012","Ontario","2016A000235","Physical and life sciences and technologies","Current dollars","75","units","0","v62427576","7.7","20613","","","","0"
"2012/2013","Ontario","2016A000235","Physical and life sciences and technologies","Current dollars","75","units","0","v62427576","7.7","20536","","","","0"
"2013/2014","Ontario","2016A000235","Physical and life sciences and technologies","Current dollars","75","units","0","v62427576","7.7","21898","","","","0"
"2014/2015","Ontario","2016A000235","Physical and life sciences and technologies","Current dollars","75","units","0","v62427576","7.7","25489","","","","0"
"2015/2016","Ontario","2016A000235","Physical and life sciences and technologies","Current dollars","75","units","0","v62427576","7.7","28687","","","","0"
"2016/2017","Ontario","2016A000235","Physical and life sciences and technologies","Current dollars","75","units","0","v62427576","7.7","32134","","","","0"
"2017/2018","Ontario","2016A000235","Physical and life sciences and technologies","Current dollars","75","units","0","v62427576","7.7","35283","","","","0"
"2018/2019","Ontario","2016A000235","Physical and life sciences and technologies","Current dollars","75","units","0","v62427576","7.7","38271","","","","0"
"2019/2020","Ontario","2016A000235","Physical and life sciences and technologies","Current dollars","75","units","0","v62427576","7.7","42485","","","","0"
"2020/2021","Ontario","2016A000235","Physical and life sciences and technologies","Current dollars","75","units","0","v62427576","7.7","45442","","","","0"
"2021/2022","Ontario","2016A000235","Physical and life sciences and technologies","Current dollars","75","units","0","v62427576","7.7","45911","","","","0"
"2006/2007","Ontario","2016A000235","Mathematics, computer and information sciences","Current dollars","75","units","0","v62427577","7.8","14821","","","","0"
"2007/2008","Ontario","2016A000235","Mathematics, computer and information sciences","Current dollars","75","units","0","v62427577","7.8","16159","","","","0"
"2008/2009","Ontario","2016A000235","Mathematics, computer and information sciences","Current dollars","75","units","0","v62427577","7.8","17461","","","","0"
"2009/2010","Ontario","2016A000235","Mathematics, computer and information sciences","Current dollars","75","units","0","v62427577","7.8","18274","","","","0"
"2010/2011","Ontario","2016A000235","Mathematics, computer and information sciences","Current dollars","75","units","0","v62427577","7.8","20589","","","","0"
"2011/2012","Ontario","2016A000235","Mathematics, computer and information sciences","Current dollars","75","units","0","v62427577","7.8","21101","","","","0"
"2012/2013","Ontario","2016A000235","Mathematics, computer and information sciences","Current dollars","75","units","0","v62427577","7.8","21472","","","","0"
"2013/2014","Ontario","2016A000235","Mathematics, computer and information sciences","Current dollars","75","units","0","v62427577","7.8","22741","","","","0"
"2014/2015","Ontario","2016A000235","Mathematics, computer and information sciences","Current dollars","75","units","0","v62427577","7.8","24407","","","","0"
"2015/2016","Ontario","2016A000235","Mathematics, computer and information sciences","Current dollars","75","units","0","v62427577","7.8","26783","","","","0"
"2016/2017","Ontario","2016A000235","Mathematics, computer and information sciences","Current dollars","75","units","0","v62427577","7.8","29340","","","","0"
"2017/2018","Ontario","2016A000235","Mathematics, computer and information sciences","Current dollars","75","units","0","v62427577","7.8","32824","","","","0"
"2018/2019","Ontario","2016A000235","Mathematics, computer and information sciences","Current dollars","75","units","0","v62427577","7.8","35920","","","","0"
"2019/2020","Ontario","2016A000235","Mathematics, computer and information sciences","Current dollars","75","units","0","v62427577","7.8","39476","","","","0"
"2020/2021","Ontario","2016A000235","Mathematics, computer and information sciences","Current dollars","75","units","0","v62427577","7.8","42224","","","","0"
"2021/2022","Ontario","2016A000235","Mathematics, computer and information sciences","Current dollars","75","units","0","v62427577","7.8","44986","","","","0"
"2006/2007","Ontario","2016A000235","Engineering","Current dollars","75","units","0","v62427578","7.9","16045","","","","0"
"2007/2008","Ontario","2016A000235","Engineering","Current dollars","75","units","0","v62427578","7.9","17007","","","","0"
"2008/2009","Ontario","2016A000235","Engineering","Current dollars","75","units","0","v62427578","7.9","18203","","","","0"
"2009/2010","Ontario","2016A000235","Engineering","Current dollars","75","units","0","v62427578","7.9","19457","","","","0"
"2010/2011","Ontario","2016A000235","Engineering","Current dollars","75","units","0","v62427578","7.9","20639","","","","0"
"2011/2012","Ontario","2016A000235","Engineering","Current dollars","75","units","0","v62427578","7.9","23975","","","","0"
"2012/2013","Ontario","2016A000235","Engineering","Current dollars","75","units","0","v62427578","7.9","24185","","","","0"
"2013/2014","Ontario","2016A000235","Engineering","Current dollars","75","units","0","v62427578","7.9","26277","","","","0"
"2014/2015","Ontario","2016A000235","Engineering","Current dollars","75","units","0","v62427578","7.9","28365","","","","0"
"2015/2016","Ontario","2016A000235","Engineering","Current dollars","75","units","0","v62427578","7.9","30623","","","","0"
"2016/2017","Ontario","2016A000235","Engineering","Current dollars","75","units","0","v62427578","7.9","33497","","","","0"
"2017/2018","Ontario","2016A000235","Engineering","Current dollars","75","units","0","v62427578","7.9","36171","","","","0"
"2018/2019","Ontario","2016A000235","Engineering","Current dollars","75","units","0","v62427578","7.9","40085","","","","0"
"2019/2020","Ontario","2016A000235","Engineering","Current dollars","75","units","0","v62427578","7.9","43585","","","","0"
"2020/2021","Ontario","2016A000235","Engineering","Current dollars","75","units","0","v62427578","7.9","46229","","","","0"
"2021/2022","Ontario","2016A000235","Engineering","Current dollars","75","units","0","v62427578","7.9","47403","","","","0"
"2006/2007","Manitoba","2016A000246","Physical and life sciences and technologies","Current dollars","75","units","0","v62427588","8.7","8320","","","","0"
"2007/2008","Manitoba","2016A000246","Physical and life sciences and technologies","Current dollars","75","units","0","v62427588","8.7","8491","","","","0"
"2008/2009","Manitoba","2016A000246","Physical and life sciences and technologies","Current dollars","75","units","0","v62427588","8.7","9825","","","","0"
"2009/2010","Manitoba","2016A000246","Physical and life sciences and technologies","Current dollars","75","units","0","v62427588","8.7","11574","","","","0"
"2010/2011","Manitoba","2016A000246","Physical and life sciences and technologies","Current dollars","75","units","0","v62427588","8.7","12171","","","","0"
"2011/2012","Manitoba","2016A000246","Physical and life sciences and technologies","Current dollars","75","units","0","v62427588","8.7","12299","","","","0"
"2012/2013","Manitoba","2016A000246","Physical and life sciences and technologies","Current dollars","75","units","0","v62427588","8.7","12353","","","","0"
"2013/2014","Manitoba","2016A000246","Physical and life sciences and technologies","Current dollars","75","units","0","v62427588","8.7","12514","","","","0"
"2014/2015","Manitoba","2016A000246","Physical and life sciences and technologies","Current dollars","75","units","0","v62427588","8.7","13029","","","","0"
"2015/2016","Manitoba","2016A000246","Physical and life sciences and technologies","Current dollars","75","units","0","v62427588","8.7","14424","","","","0"
"2016/2017","Manitoba","2016A000246","Physical and life sciences and technologies","Current dollars","75","units","0","v62427588","8.7","14677","","","","0"
"2017/2018","Manitoba","2016A000246","Physical and life sciences and technologies","Current dollars","75","units","0","v62427588","8.7","14783","","","","0"
"2018/2019","Manitoba","2016A000246","Physical and life sciences and technologies","Current dollars","75","units","0","v62427588","8.7","15779","","","","0"
"2019/2020","Manitoba","2016A000246","Physical and life sciences and technologies","Current dollars","75","units","0","v62427588","8.7","16460","","","","0"
"2020/2021","Manitoba","2016A000246","Physical and life sciences and technologies","Current dollars","75","units","0","v62427588","8.7","17390","","","","0"
"2021/2022","Manitoba","2016A000246","Physical and life sciences and technologies","Current dollars","75","units","0","v62427588","8.7","18029","","","","0"
"2006/2007","Manitoba","2016A000246","Mathematics, computer and information sciences","Current dollars","75","units","0","v62427589","8.8","9046","","","","0"
"2007/2008","Manitoba","2016A000246","Mathematics, computer and information sciences","Current dollars","75","units","0","v62427589","8.8","8397","","","","0"
"2008/2009","Manitoba","2016A000246","Mathematics, computer and information sciences","Current dollars","75","units","0","v62427589","8.8","9519","","","","0"
"2009/2010","Manitoba","2016A000246","Mathematics, computer and information sciences","Current dollars","75","units","0","v62427589","8.8","11489","","","","0"
"2010/2011","Manitoba","2016A000246","Mathematics, computer and information sciences","Current dollars","75","units","0","v62427589","8.8","12085","","","","0"
"2011/2012","Manitoba","2016A000246","Mathematics, computer and information sciences","Current dollars","75","units","0","v62427589","8.8","12213","","","","0"
"2012/2013","Manitoba","2016A000246","Mathematics, computer and information sciences","Current dollars","75","units","0","v62427589","8.8","12515","","","","0"
"2013/2014","Manitoba","2016A000246","Mathematics, computer and information sciences","Current dollars","75","units","0","v62427589","8.8","12285","","","","0"
"2014/2015","Manitoba","2016A000246","Mathematics, computer and information sciences","Current dollars","75","units","0","v62427589","8.8","12750","","","","0"
"2015/2016","Manitoba","2016A000246","Mathematics, computer and information sciences","Current dollars","75","units","0","v62427589","8.8","14293","","","","0"
"2016/2017","Manitoba","2016A000246","Mathematics, computer and information sciences","Current dollars","75","units","0","v62427589","8.8","14454","","","","0"
"2017/2018","Manitoba","2016A000246","Mathematics, computer and information sciences","Current dollars","75","units","0","v62427589","8.8","14759","","","","0"
"2018/2019","Manitoba","2016A000246","Mathematics, computer and information sciences","Current dollars","75","units","0","v62427589","8.8","15831","","","","0"
"2019/2020","Manitoba","2016A000246","Mathematics, computer and information sciences","Current dollars","75","units","0","v62427589","8.8","16550","","","","0"
"2020/2021","Manitoba","2016A000246","Mathematics, computer and information sciences","Current dollars","75","units","0","v62427589","8.8","17471","","","","0"
"2021/2022","Manitoba","2016A000246","Mathematics, computer and information sciences","Current dollars","75","units","0","v62427589","8.8","18070","","","","0"
"2006/2007","Manitoba","2016A000246","Engineering","Current dollars","75","units","0","v62427590","8.9","12217","","","","0"
"2007/2008","Manitoba","2016A000246","Engineering","Current dollars","75","units","0","v62427590","8.9","13330","","","","0"
"2008/2009","Manitoba","2016A000246","Engineering","Current dollars","75","units","0","v62427590","8.9","13241","","","","0"
"2009/2010","Manitoba","2016A000246","Engineering","Current dollars","75","units","0","v62427590","8.9","15798","","","","0"
"2010/2011","Manitoba","2016A000246","Engineering","Current dollars","75","units","0","v62427590","8.9","16412","","","","0"
"2011/2012","Manitoba","2016A000246","Engineering","Current dollars","75","units","0","v62427590","8.9","16048","","","","0"
"2012/2013","Manitoba","2016A000246","Engineering","Current dollars","75","units","0","v62427590","8.9","16316","","","","0"
"2013/2014","Manitoba","2016A000246","Engineering","Current dollars","75","units","0","v62427590","8.9","16583","","","","0"
"2014/2015","Manitoba","2016A000246","Engineering","Current dollars","75","units","0","v62427590","8.9","17021","","","","0"
"2015/2016","Manitoba","2016A000246","Engineering","Current dollars","75","units","0","v62427590","8.9","18981","","","","0"
"2016/2017","Manitoba","2016A000246","Engineering","Current dollars","75","units","0","v62427590","8.9","19196","","","","0"
"2017/2018","Manitoba","2016A000246","Engineering","Current dollars","75","units","0","v62427590","8.9","19690","","","","0"
"2018/2019","Manitoba","2016A000246","Engineering","Current dollars","75","units","0","v62427590","8.9","20796","","","","0"
"2019/2020","Manitoba","2016A000246","Engineering","Current dollars","75","units","0","v62427590","8.9","21589","","","","0"
"2020/2021","Manitoba","2016A000246","Engineering","Current dollars","75","units","0","v62427590","8.9","22287","","","","0"
"2021/2022","Manitoba","2016A000246","Engineering","Current dollars","75","units","0","v62427590","8.9","22762","","","","0"
"2006/2007","Saskatchewan","2016A000247","Physical and life sciences and technologies","Current dollars","75","units","0","v62427603","9.7","10568","","","","0"
"2007/2008","Saskatchewan","2016A000247","Physical and life sciences and technologies","Current dollars","75","units","0","v62427603","9.7","10479","","","","0"
"2008/2009","Saskatchewan","2016A000247","Physical and life sciences and technologies","Current dollars","75","units","0","v62427603","9.7","10685","","","","0"
"2009/2010","Saskatchewan","2016A000247","Physical and life sciences and technologies","Current dollars","75","units","0","v62427603","9.7","11999","","","","0"
"2010/2011","Saskatchewan","2016A000247","Physical and life sciences and technologies","Current dollars","75","units","0","v62427603","9.7","12884","","","","0"
"2011/2012","Saskatchewan","2016A000247","Physical and life sciences and technologies","Current dollars","75","units","0","v62427603","9.7","13665","","","","0"
"2012/2013","Saskatchewan","2016A000247","Physical and life sciences and technologies","Current dollars","75","units","0","v62427603","9.7","14252","","","","0"
"2013/2014","Saskatchewan","2016A000247","Physical and life sciences and technologies","Current dollars","75","units","0","v62427603","9.7","14831","","","","0"
"2014/2015","Saskatchewan","2016A000247","Physical and life sciences and technologies","Current dollars","75","units","0","v62427603","9.7","15997","","","","0"
"2015/2016","Saskatchewan","2016A000247","Physical and life sciences and technologies","Current dollars","75","units","0","v62427603","9.7","16251","","","","0"
"2016/2017","Saskatchewan","2016A000247","Physical and life sciences and technologies","Current dollars","75","units","0","v62427603","9.7","16608","","","","0"
"2017/2018","Saskatchewan","2016A000247","Physical and life sciences and technologies","Current dollars","75","units","0","v62427603","9.7","17393","","","","0"
"2018/2019","Saskatchewan","2016A000247","Physical and life sciences and technologies","Current dollars","75","units","0","v62427603","9.7","18670","","","","0"
"2019/2020","Saskatchewan","2016A000247","Physical and life sciences and technologies","Current dollars","75","units","0","v62427603","9.7","19393","","","","0"
"2020/2021","Saskatchewan","2016A000247","Physical and life sciences and technologies","Current dollars","75","units","0","v62427603","9.7","19549","","","","0"
"2021/2022","Saskatchewan","2016A000247","Physical and life sciences and technologies","Current dollars","75","units","0","v62427603","9.7","21571","","","","0"
"2006/2007","Saskatchewan","2016A000247","Mathematics, computer and information sciences","Current dollars","75","units","0","v62427604","9.8","10510","","","","0"
"2007/2008","Saskatchewan","2016A000247","Mathematics, computer and information sciences","Current dollars","75","units","0","v62427604","9.8","9944","","","","0"
"2008/2009","Saskatchewan","2016A000247","Mathematics, computer and information sciences","Current dollars","75","units","0","v62427604","9.8","10239","","","","0"
"2009/2010","Saskatchewan","2016A000247","Mathematics, computer and information sciences","Current dollars","75","units","0","v62427604","9.8","11949","","","","0"
"2010/2011","Saskatchewan","2016A000247","Mathematics, computer and information sciences","Current dollars","75","units","0","v62427604","9.8","13068","","","","0"
"2011/2012","Saskatchewan","2016A000247","Mathematics, computer and information sciences","Current dollars","75","units","0","v62427604","9.8","14060","","","","0"
"2012/2013","Saskatchewan","2016A000247","Mathematics, computer and information sciences","Current dollars","75","units","0","v62427604","9.8","13806","","","","0"
"2013/2014","Saskatchewan","2016A000247","Mathematics, computer and information sciences","Current dollars","75","units","0","v62427604","9.8","14391","","","","0"
"2014/2015","Saskatchewan","2016A000247","Mathematics, computer and information sciences","Current dollars","75","units","0","v62427604","9.8","16718","","","","0"
"2015/2016","Saskatchewan","2016A000247","Mathematics, computer and information sciences","Current dollars","75","units","0","v62427604","9.8","17192","","","","0"
"2016/2017","Saskatchewan","2016A000247","Mathematics, computer and information sciences","Current dollars","75","units","0","v62427604","9.8","17664","","","","0"
"2017/2018","Saskatchewan","2016A000247","Mathematics, computer and information sciences","Current dollars","75","units","0","v62427604","9.8","18272","","","","0"
"2018/2019","Saskatchewan","2016A000247","Mathematics, computer and information sciences","Current dollars","75","units","0","v62427604","9.8","19242","","","","0"
"2019/2020","Saskatchewan","2016A000247","Mathematics, computer and information sciences","Current dollars","75","units","0","v62427604","9.8","19931","","","","0"
"2020/2021","Saskatchewan","2016A000247","Mathematics, computer and information sciences","Current dollars","75","units","0","v62427604","9.8","20194","","","","0"
"2021/2022","Saskatchewan","2016A000247","Mathematics, computer and information sciences","Current dollars","75","units","0","v62427604","9.8","21847","","","","0"
"2006/2007","Saskatchewan","2016A000247","Engineering","Current dollars","75","units","0","v62427605","9.9","11206","","","","0"
"2007/2008","Saskatchewan","2016A000247","Engineering","Current dollars","75","units","0","v62427605","9.9","10882","","","","0"
"2008/2009","Saskatchewan","2016A000247","Engineering","Current dollars","75","units","0","v62427605","9.9","11198","","","","0"
"2009/2010","Saskatchewan","2016A000247","Engineering","Current dollars","75","units","0","v62427605","9.9","13237","","","","0"
"2010/2011","Saskatchewan","2016A000247","Engineering","Current dollars","75","units","0","v62427605","9.9","14583","","","","0"
"2011/2012","Saskatchewan","2016A000247","Engineering","Current dollars","75","units","0","v62427605","9.9","15658","","","","0"
"2012/2013","Saskatchewan","2016A000247","Engineering","Current dollars","75","units","0","v62427605","9.9","17831","","","","0"
"2013/2014","Saskatchewan","2016A000247","Engineering","Current dollars","75","units","0","v62427605","9.9","17413","","","","0"
"2014/2015","Saskatchewan","2016A000247","Engineering","Current dollars","75","units","0","v62427605","9.9","18090","","","","0"
"2015/2016","Saskatchewan","2016A000247","Engineering","Current dollars","75","units","0","v62427605","9.9","19023","","","","0"
"2016/2017","Saskatchewan","2016A000247","Engineering","Current dollars","75","units","0","v62427605","9.9","20239","","","","0"
"2017/2018","Saskatchewan","2016A000247","Engineering","Current dollars","75","units","0","v62427605","9.9","20665","","","","0"
"2018/2019","Saskatchewan","2016A000247","Engineering","Current dollars","75","units","0","v62427605","9.9","21623","","","","0"
"2019/2020","Saskatchewan","2016A000247","Engineering","Current dollars","75","units","0","v62427605","9.9","22251","","","","0"
"2020/2021","Saskatchewan","2016A000247","Engineering","Current dollars","75","units","0","v62427605","9.9","22227","","","","0"
"2021/2022","Saskatchewan","2016A000247","Engineering","Current dollars","75","units","0","v62427605","9.9","23898","","","","0"
"2006/2007","Alberta","2016A000248","Physical and life sciences and technologies","Current dollars","75","units","0","v62427480","10.7","12457","","","","0"
"2007/2008","Alberta","2016A000248","Physical and life sciences and technologies","Current dollars","75","units","0","v62427480","10.7","13105","","","","0"
"2008/2009","Alberta","2016A000248","Physical and life sciences and technologies","Current dollars","75","units","0","v62427480","10.7","13948","","","","0"
"2009/2010","Alberta","2016A000248","Physical and life sciences and technologies","Current dollars","75","units","0","v62427480","10.7","17154","","","","0"
"2010/2011","Alberta","2016A000248","Physical and life sciences and technologies","Current dollars","75","units","0","v62427480","10.7","17410","","","","0"
"2011/2012","Alberta","2016A000248","Physical and life sciences and technologies","Current dollars","75","units","0","v62427480","10.7","17471","","","","0"
"2012/2013","Alberta","2016A000248","Physical and life sciences and technologies","Current dollars","75","units","0","v62427480","10.7","17744","","","","0"
"2013/2014","Alberta","2016A000248","Physical and life sciences and technologies","Current dollars","75","units","0","v62427480","10.7","18175","","","","0"
"2014/2015","Alberta","2016A000248","Physical and life sciences and technologies","Current dollars","75","units","0","v62427480","10.7","18883","","","","0"
"2015/2016","Alberta","2016A000248","Physical and life sciences and technologies","Current dollars","75","units","0","v62427480","10.7","19223","","","","0"
"2016/2017","Alberta","2016A000248","Physical and life sciences and technologies","Current dollars","75","units","0","v62427480","10.7","19399","","","","0"
"2017/2018","Alberta","2016A000248","Physical and life sciences and technologies","Current dollars","75","units","0","v62427480","10.7","20005","","","","0"
"2018/2019","Alberta","2016A000248","Physical and life sciences and technologies","Current dollars","75","units","0","v62427480","10.7","20468","","","","0"
"2019/2020","Alberta","2016A000248","Physical and life sciences and technologies","Current dollars","75","units","0","v62427480","10.7","20866","","","","0"
"2020/2021","Alberta","2016A000248","Physical and life sciences and technologies","Current dollars","75","units","0","v62427480","10.7","25614","","","","0"
"2021/2022","Alberta","2016A000248","Physical and life sciences and technologies","Current dollars","75","units","0","v62427480","10.7","26279","","","","0"
"2006/2007","Alberta","2016A000248","Mathematics, computer and information sciences","Current dollars","75","units","0","v62427481","10.8","11621","","","","0"
"2007/2008","Alberta","2016A000248","Mathematics, computer and information sciences","Current dollars","75","units","0","v62427481","10.8","13045","","","","0"
"2008/2009","Alberta","2016A000248","Mathematics, computer and information sciences","Current dollars","75","units","0","v62427481","10.8","13112","","","","0"
"2009/2010","Alberta","2016A000248","Mathematics, computer and information sciences","Current dollars","75","units","0","v62427481","10.8","15907","","","","0"
"2010/2011","Alberta","2016A000248","Mathematics, computer and information sciences","Current dollars","75","units","0","v62427481","10.8","16144","","","","0"
"2011/2012","Alberta","2016A000248","Mathematics, computer and information sciences","Current dollars","75","units","0","v62427481","10.8","16201","","","","0"
"2012/2013","Alberta","2016A000248","Mathematics, computer and information sciences","Current dollars","75","units","0","v62427481","10.8","17273","","","","0"
"2013/2014","Alberta","2016A000248","Mathematics, computer and information sciences","Current dollars","75","units","0","v62427481","10.8","17573","","","","0"
"2014/2015","Alberta","2016A000248","Mathematics, computer and information sciences","Current dollars","75","units","0","v62427481","10.8","18572","","","","0"
"2015/2016","Alberta","2016A000248","Mathematics, computer and information sciences","Current dollars","75","units","0","v62427481","10.8","19378","","","","0"
"2016/2017","Alberta","2016A000248","Mathematics, computer and information sciences","Current dollars","75","units","0","v62427481","10.8","19627","","","","0"
"2017/2018","Alberta","2016A000248","Mathematics, computer and information sciences","Current dollars","75","units","0","v62427481","10.8","20108","","","","0"
"2018/2019","Alberta","2016A000248","Mathematics, computer and information sciences","Current dollars","75","units","0","v62427481","10.8","20738","","","","0"
"2019/2020","Alberta","2016A000248","Mathematics, computer and information sciences","Current dollars","75","units","0","v62427481","10.8","21138","","","","0"
"2020/2021","Alberta","2016A000248","Mathematics, computer and information sciences","Current dollars","75","units","0","v62427481","10.8","26811","","","","0"
"2021/2022","Alberta","2016A000248","Mathematics, computer and information sciences","Current dollars","75","units","0","v62427481","10.8","27189","","","","0"
"2006/2007","Alberta","2016A000248","Engineering","Current dollars","75","units","0","v62427482","10.9","14248","","","","0"
"2007/2008","Alberta","2016A000248","Engineering","Current dollars","75","units","0","v62427482","10.9","14715","","","","0"
"2008/2009","Alberta","2016A000248","Engineering","Current dollars","75","units","0","v62427482","10.9","14583","","","","0"
"2009/2010","Alberta","2016A000248","Engineering","Current dollars","75","units","0","v62427482","10.9","19051","","","","0"
"2010/2011","Alberta","2016A000248","Engineering","Current dollars","75","units","0","v62427482","10.9","19335","","","","0"
"2011/2012","Alberta","2016A000248","Engineering","Current dollars","75","units","0","v62427482","10.9","20424","","","","0"
"2012/2013","Alberta","2016A000248","Engineering","Current dollars","75","units","0","v62427482","10.9","20906","","","","0"
"2013/2014","Alberta","2016A000248","Engineering","Current dollars","75","units","0","v62427482","10.9","21343","","","","0"
"2014/2015","Alberta","2016A000248","Engineering","Current dollars","75","units","0","v62427482","10.9","22321","","","","0"
"2015/2016","Alberta","2016A000248","Engineering","Current dollars","75","units","0","v62427482","10.9","23438","","","","0"
"2016/2017","Alberta","2016A000248","Engineering","Current dollars","75","units","0","v62427482","10.9","23939","","","","0"
"2017/2018","Alberta","2016A000248","Engineering","Current dollars","75","units","0","v62427482","10.9","23780","","","","0"
"2018/2019","Alberta","2016A000248","Engineering","Current dollars","75","units","0","v62427482","10.9","24186","","","","0"
"2019/2020","Alberta","2016A000248","Engineering","Current dollars","75","units","0","v62427482","10.9","23913","","","","0"
"2020/2021","Alberta","2016A000248","Engineering","Current dollars","75","units","0","v62427482","10.9","32130","","","","0"
"2021/2022","Alberta","2016A000248","Engineering","Current dollars","75","units","0","v62427482","10.9","31923","","","","0"
"2006/2007","British Columbia","2016A000259","Physical and life sciences and technologies","Current dollars","75","units","0","v62427493","11.7","15776","","","","0"
"2007/2008","British Columbia","2016A000259","Physical and life sciences and technologies","Current dollars","75","units","0","v62427493","11.7","16753","","","","0"
"2008/2009","British Columbia","2016A000259","Physical and life sciences and technologies","Current dollars","75","units","0","v62427493","11.7","16529","","","","0"
"2009/2010","British Columbia","2016A000259","Physical and life sciences and technologies","Current dollars","75","units","0","v62427493","11.7","18146","","","","0"
"2010/2011","British Columbia","2016A000259","Physical and life sciences and technologies","Current dollars","75","units","0","v62427493","11.7","18970","","","","0"
"2011/2012","British Columbia","2016A000259","Physical and life sciences and technologies","Current dollars","75","units","0","v62427493","11.7","19770","","","","0"
"2012/2013","British Columbia","2016A000259","Physical and life sciences and technologies","Current dollars","75","units","0","v62427493","11.7","19593","","","","0"
"2013/2014","British Columbia","2016A000259","Physical and life sciences and technologies","Current dollars","75","units","0","v62427493","11.7","20273","","","","0"
"2014/2015","British Columbia","2016A000259","Physical and life sciences and technologies","Current dollars","75","units","0","v62427493","11.7","19315","","","","0"
"2015/2016","British Columbia","2016A000259","Physical and life sciences and technologies","Current dollars","75","units","0","v62427493","11.7","21091","","","","0"
"2016/2017","British Columbia","2016A000259","Physical and life sciences and technologies","Current dollars","75","units","0","v62427493","11.7","22183","","","","0"
"2017/2018","British Columbia","2016A000259","Physical and life sciences and technologies","Current dollars","75","units","0","v62427493","11.7","25810","","","","0"
"2018/2019","British Columbia","2016A000259","Physical and life sciences and technologies","Current dollars","75","units","0","v62427493","11.7","27608","","","","0"
"2019/2020","British Columbia","2016A000259","Physical and life sciences and technologies","Current dollars","75","units","0","v62427493","11.7","28866","","","","0"
"2020/2021","British Columbia","2016A000259","Physical and life sciences and technologies","Current dollars","75","units","0","v62427493","11.7","29582","","","","0"
"2021/2022","British Columbia","2016A000259","Physical and life sciences and technologies","Current dollars","75","units","0","v62427493","11.7","33326","","","","0"
"2006/2007","British Columbia","2016A000259","Mathematics, computer and information sciences","Current dollars","75","units","0","v62427494","11.8","15077","","","","0"
"2007/2008","British Columbia","2016A000259","Mathematics, computer and information sciences","Current dollars","75","units","0","v62427494","11.8","15867","","","","0"
"2008/2009","British Columbia","2016A000259","Mathematics, computer and information sciences","Current dollars","75","units","0","v62427494","11.8","16026","","","","0"
"2009/2010","British Columbia","2016A000259","Mathematics, computer and information sciences","Current dollars","75","units","0","v62427494","11.8","16739","","","","0"
"2010/2011","British Columbia","2016A000259","Mathematics, computer and information sciences","Current dollars","75","units","0","v62427494","11.8","17310","","","","0"
"2011/2012","British Columbia","2016A000259","Mathematics, computer and information sciences","Current dollars","75","units","0","v62427494","11.8","18047","","","","0"
"2012/2013","British Columbia","2016A000259","Mathematics, computer and information sciences","Current dollars","75","units","0","v62427494","11.8","16694","","","","0"
"2013/2014","British Columbia","2016A000259","Mathematics, computer and information sciences","Current dollars","75","units","0","v62427494","11.8","17027","","","","0"
"2014/2015","British Columbia","2016A000259","Mathematics, computer and information sciences","Current dollars","75","units","0","v62427494","11.8","18249","","","","0"
"2015/2016","British Columbia","2016A000259","Mathematics, computer and information sciences","Current dollars","75","units","0","v62427494","11.8","19652","","","","0"
"2016/2017","British Columbia","2016A000259","Mathematics, computer and information sciences","Current dollars","75","units","0","v62427494","11.8","21143","","","","0"
"2017/2018","British Columbia","2016A000259","Mathematics, computer and information sciences","Current dollars","75","units","0","v62427494","11.8","23714","","","","0"
"2018/2019","British Columbia","2016A000259","Mathematics, computer and information sciences","Current dollars","75","units","0","v62427494","11.8","24704","","","","0"
"2019/2020","British Columbia","2016A000259","Mathematics, computer and information sciences","Current dollars","75","units","0","v62427494","11.8","25790","","","","0"
"2020/2021","British Columbia","2016A000259","Mathematics, computer and information sciences","Current dollars","75","units","0","v62427494","11.8","27299","","","","0"
"2021/2022","British Columbia","2016A000259","Mathematics, computer and information sciences","Current dollars","75","units","0","v62427494","11.8","29309","","","","0"
"2006/2007","British Columbia","2016A000259","Engineering","Current dollars","75","units","0","v62427495","11.9","16507","","","","0"
"2007/2008","British Columbia","2016A000259","Engineering","Current dollars","75","units","0","v62427495","11.9","17347","","","","0"
"2008/2009","British Columbia","2016A000259","Engineering","Current dollars","75","units","0","v62427495","11.9","17794","","","","0"
"2009/2010","British Columbia","2016A000259","Engineering","Current dollars","75","units","0","v62427495","11.9","18879","","","","0"
"2010/2011","British Columbia","2016A000259","Engineering","Current dollars","75","units","0","v62427495","11.9","19161","","","","0"
"2011/2012","British Columbia","2016A000259","Engineering","Current dollars","75","units","0","v62427495","11.9","19795","","","","0"
"2012/2013","British Columbia","2016A000259","Engineering","Current dollars","75","units","0","v62427495","11.9","19109","","","","0"
"2013/2014","British Columbia","2016A000259","Engineering","Current dollars","75","units","0","v62427495","11.9","20078","","","","0"
"2014/2015","British Columbia","2016A000259","Engineering","Current dollars","75","units","0","v62427495","11.9","20382","","","","0"
"2015/2016","British Columbia","2016A000259","Engineering","Current dollars","75","units","0","v62427495","11.9","21913","","","","0"
"2016/2017","British Columbia","2016A000259","Engineering","Current dollars","75","units","0","v62427495","11.9","23899","","","","0"
"2017/2018","British Columbia","2016A000259","Engineering","Current dollars","75","units","0","v62427495","11.9","25836","","","","0"
"2018/2019","British Columbia","2016A000259","Engineering","Current dollars","75","units","0","v62427495","11.9","28606","","","","0"
"2019/2020","British Columbia","2016A000259","Engineering","Current dollars","75","units","0","v62427495","11.9","30277","","","","0"
"2020/2021","British Columbia","2016A000259","Engineering","Current dollars","75","units","0","v62427495","11.9","31630","","","","0"
"2021/2022","British Columbia","2016A000259","Engineering","Current dollars","75","units","0","v62427495","11.9","35905","","","","0"


